<?xml version="1.0" encoding="utf-8"?>
<manifest xmlns:android="http://schemas.android.com/apk/res/android" package="com.Company.Potatopocalypse" android:installLocation="preferExternal" android:theme="@android:style/Theme.NoTitleBar" android:versionName="1.0" android:versionCode="1">
  <supports-screens android:smallScreens="true" android:normalScreens="true" android:largeScreens="true" android:xlargeScreens="true" android:anyDensity="true" />
  <application android:icon="@drawable/app_icon" android:label="@string/app_name" android:debuggable="true">
    <activity android:name="com.unity3d.player.UnityPlayerNativeActivity" android:launchMode="singleTask" android:label="@string/app_name" android:configChanges="fontScale|keyboard|keyboardHidden|locale|mnc|mcc|navigation|orientation|screenLayout|screenSize|smallestScreenSize|uiMode|touchscreen">
      <intent-filter>
        <action android:name="android.intent.action.MAIN" />
        <category android:name="android.intent.category.LAUNCHER" />
      </intent-filter>
      <meta-data android:name="unityplayer.ForwardNativeEventsToDalvik" android:value="false" />
    </activity>
  </application>
  <uses-sdk android:minSdkVersion="9" android:targetSdkVersion="19" />
</manifest>